id,chr,pos,region_eqtl,region_haqtl,region_mqtl,pip_eqtl,pip_haqtl,pip_mqtl
chr1:109711774:C:G,chr1,109711774,NA,TADB_56,TADB_56,NA,1,1
chr1:143497644:T:G,chr1,143497644,NA,TADB_62,TADB_62,NA,1,1
chr1:143519494:C:G,chr1,143519494,NA,TADB_62,TADB_62,NA,1,1
chr1:143519494:C:G,chr1,143519494,NA,TADB_63,TADB_62,NA,1,1
chr1:153617778:C:A,chr1,153617778,ENSG00000189171,NA,TADB_67,0.668,NA,1
chr1:154155073:C:G,chr1,154155073,ENSG00000143552,NA,TADB_67,1,NA,1
chr1:154155073:C:G,chr1,154155073,ENSG00000143552,NA,TADB_69,1,NA,1
chr1:154155073:C:G,chr1,154155073,ENSG00000143552,NA,TADB_68,1,NA,1
chr1:161038745:C:G,chr1,161038745,NA,TADB_71,TADB_70,NA,0.9723,1
chr1:161038745:C:G,chr1,161038745,NA,TADB_71,TADB_71,NA,0.9723,1
chr1:161038745:C:G,chr1,161038745,NA,TADB_70,TADB_70,NA,1,1
chr1:161038745:C:G,chr1,161038745,NA,TADB_70,TADB_71,NA,1,1
chr1:16524945:C:T,chr1,16524945,NA,TADB_9,TADB_8,NA,1,1
chr1:16524945:C:T,chr1,16524945,NA,TADB_8,TADB_8,NA,1,1
chr1:170618199:C:T,chr1,170618199,ENSG00000116132,NA,TADB_76,0.8675,NA,1
chr1:170663243:A:G,chr1,170663243,ENSG00000116132,TADB_75,TADB_77,1,0.7611,1
chr1:170663243:A:G,chr1,170663243,ENSG00000116132,TADB_75,TADB_75,1,0.7611,1
chr1:170663243:A:G,chr1,170663243,ENSG00000116132,TADB_75,TADB_76,1,0.7611,1
chr1:172538220:C:G,chr1,172538220,NA,TADB_78,TADB_77,NA,0.9993,1
chr1:185138897:G:C,chr1,185138897,ENSG00000116668,NA,TADB_85,0.9901,NA,1
chr1:185138897:G:C,chr1,185138897,ENSG00000116668,NA,TADB_84,0.9901,NA,1
chr1:185138897:G:C,chr1,185138897,ENSG00000121486,NA,TADB_85,1,NA,1
chr1:185138897:G:C,chr1,185138897,ENSG00000121486,NA,TADB_84,1,NA,1
chr1:18784584:GTGGCCA:*,chr1,18784584,NA,TADB_11,TADB_11,NA,0.7175,1
chr1:20480580:G:T,chr1,20480580,NA,TADB_12,TADB_10,NA,0.589,1
chr1:20480580:G:T,chr1,20480580,NA,TADB_12,TADB_11,NA,0.589,1
chr1:205501416:C:T,chr1,205501416,NA,TADB_94,TADB_93,NA,0.9869,1
chr1:205501416:C:T,chr1,205501416,NA,TADB_94,TADB_94,NA,0.9869,1
chr1:211382789:C:G,chr1,211382789,NA,TADB_97,TADB_97,NA,0.9997,1
chr1:211382789:C:G,chr1,211382789,NA,TADB_97,TADB_96,NA,0.9997,1
chr1:211382789:C:G,chr1,211382789,NA,TADB_96,TADB_97,NA,1,1
chr1:211382789:C:G,chr1,211382789,NA,TADB_96,TADB_96,NA,1,1
chr1:21440112:TGCAGGCGCAGGC:TGCAGGC,chr1,21440112,NA,TADB_11,TADB_11,NA,0.997,1
chr1:2189598:TGCGGGGGAGCCGAGAGGCGGGGCTGCTG:T,chr1,2189598,NA,TADB_1,TADB_1,NA,1,1
chr1:247939716:G:A,chr1,247939716,NA,TADB_117,TADB_117,NA,1,1
chr1:30749144:A:T,chr1,30749144,NA,TADB_18,TADB_18,NA,1,1
chr1:30749144:A:T,chr1,30749144,NA,TADB_17,TADB_18,NA,1,1
chr1:46198577:A:G,chr1,46198577,ENSG00000171357,NA,TADB_26,0.7322,NA,1
chr1:46198577:A:G,chr1,46198577,ENSG00000171357,NA,TADB_27,0.7322,NA,1
chr1:67135003:G:T,chr1,67135003,NA,TADB_37,TADB_36,NA,1,1
chr1:67135003:G:T,chr1,67135003,NA,TADB_36,TADB_36,NA,1,1
chr1:86499736:T:C,chr1,86499736,NA,TADB_43,TADB_43,NA,0.7076,1
chr1:86499736:T:C,chr1,86499736,NA,TADB_43,TADB_44,NA,0.7076,0.6205
chr10:46806601:A:G,chr10,46806601,NA,TADB_832,TADB_833,NA,1,1
chr10:46806601:A:G,chr10,46806601,NA,TADB_833,TADB_833,NA,1,1
chr10:80177949:G:C,chr10,80177949,NA,TADB_849,TADB_849,NA,0.9839,1
chr11:126602617:G:A,chr11,126602617,NA,TADB_939,TADB_938,NA,1,1
chr11:126602617:G:A,chr11,126602617,NA,TADB_939,TADB_939,NA,1,1
chr11:126602617:G:A,chr11,126602617,NA,TADB_939,TADB_937,NA,1,1
chr11:126602617:G:A,chr11,126602617,NA,TADB_939,TADB_940,NA,1,1
chr11:403545:C:T,chr11,403545,NA,TADB_875,TADB_875,NA,0.6342,1
chr11:65834089:G:C,chr11,65834089,ENSG00000172803,NA,TADB_905,0.9992,NA,1
chr11:78020370:C:T,chr11,78020370,NA,TADB_910,TADB_910,NA,0.9559,0.5839
chr12:116508502:G:C,chr12,116508502,NA,TADB_1012,TADB_1011,NA,0.9773,1
chr12:116508502:G:C,chr12,116508502,NA,TADB_1012,TADB_1012,NA,0.9773,1
chr12:116508502:G:C,chr12,116508502,NA,TADB_1011,TADB_1011,NA,0.8451,1
chr12:116508502:G:C,chr12,116508502,NA,TADB_1011,TADB_1012,NA,0.8451,1
chr12:124676090:C:A,chr12,124676090,NA,TADB_1014,TADB_1015,NA,0.9999,1
chr12:124898583:C:A,chr12,124898583,NA,TADB_1015,TADB_1016,NA,0.6647,1
chr12:124898583:C:A,chr12,124898583,NA,TADB_1015,TADB_1015,NA,0.6647,1
chr12:124898583:C:A,chr12,124898583,NA,TADB_1015,TADB_1014,NA,0.6647,1
chr12:30822535:C:A,chr12,30822535,NA,TADB_960,TADB_961,NA,1,1
chr12:30896829:C:T,chr12,30896829,NA,TADB_960,TADB_960,NA,0.5638,1
chr12:30896829:C:T,chr12,30896829,NA,TADB_960,TADB_961,NA,0.5638,1
chr12:4562324:G:A,chr12,4562324,NA,TADB_947,TADB_947,NA,1,1
chr12:4562324:G:A,chr12,4562324,NA,TADB_947,TADB_946,NA,1,1
chr12:56126356:C:G,chr12,56126356,ENSG00000139641,NA,TADB_971,0.9573,NA,1
chr12:6061301:C:T,chr12,6061301,ENSG00000111674,NA,TADB_948,0.5506,NA,1
chr12:6061301:C:T,chr12,6061301,ENSG00000111674,NA,TADB_947,0.5506,NA,1
chr12:90247408:C:G,chr12,90247408,NA,TADB_992,TADB_991,NA,1,0.915
chr12:9943487:G:C,chr12,9943487,NA,TADB_949,TADB_949,NA,1,1
chr13:109869805:C:G,chr13,109869805,NA,TADB_1068,TADB_1066,NA,1,1
chr13:109869805:C:G,chr13,109869805,NA,TADB_1066,TADB_1066,NA,1,1
chr13:109869805:C:G,chr13,109869805,NA,TADB_1067,TADB_1066,NA,1,1
chr13:39350757:A:G,chr13,39350757,ENSG00000183722,NA,TADB_1032,0.5615,NA,0.5136
chr13:39350757:A:G,chr13,39350757,ENSG00000183722,NA,TADB_1033,0.5615,NA,0.8727
chr13:78646764:C:A,chr13,78646764,NA,TADB_1052,TADB_1051,NA,0.9998,0.9995
chr14:24430158:G:C,chr14,24430158,NA,TADB_1069,TADB_1069,NA,0.9179,1
chr14:24430158:G:C,chr14,24430158,NA,TADB_1069,TADB_1070,NA,0.9179,1
chr14:24430267:G:C,chr14,24430267,NA,TADB_1070,TADB_1070,NA,0.9999,1
chr14:24430267:G:C,chr14,24430267,NA,TADB_1070,TADB_1071,NA,0.9999,0.9891
chr14:24430267:G:C,chr14,24430267,NA,TADB_1070,TADB_1069,NA,0.9999,1
chr14:24430267:G:C,chr14,24430267,NA,TADB_1069,TADB_1070,NA,1,1
chr14:24430267:G:C,chr14,24430267,NA,TADB_1069,TADB_1071,NA,1,0.9891
chr14:24430267:G:C,chr14,24430267,NA,TADB_1069,TADB_1069,NA,1,1
chr14:52122634:G:C,chr14,52122634,NA,TADB_1082,TADB_1083,NA,1,1
chr14:52122634:G:C,chr14,52122634,NA,TADB_1082,TADB_1082,NA,1,1
chr14:52122634:G:C,chr14,52122634,NA,TADB_1083,TADB_1083,NA,1,1
chr14:52122634:G:C,chr14,52122634,NA,TADB_1083,TADB_1082,NA,1,1
chr14:53010403:A:AGAG,chr14,53010403,NA,TADB_1083,TADB_1083,NA,0.9992,1
chr14:53010403:A:AGAG,chr14,53010403,NA,TADB_1083,TADB_1082,NA,0.9992,1
chr14:53010403:A:AGAG,chr14,53010403,NA,TADB_1082,TADB_1083,NA,1,1
chr14:53010403:A:AGAG,chr14,53010403,NA,TADB_1082,TADB_1082,NA,1,1
chr14:75515513:T:C,chr14,75515513,NA,TADB_1097,TADB_1097,NA,1,1
chr14:75515513:T:C,chr14,75515513,NA,TADB_1097,TADB_1096,NA,1,1
chr14:75515513:T:C,chr14,75515513,NA,TADB_1096,TADB_1097,NA,1,1
chr14:75515513:T:C,chr14,75515513,NA,TADB_1096,TADB_1096,NA,1,1
chr14:77979367:C:T,chr14,77979367,NA,TADB_1097,TADB_1097,NA,0.9265,1
chr15:45241146:A:G,chr15,45241146,NA,TADB_1121,TADB_1122,NA,0.5224,0.8311
chr15:86893138:C:T,chr15,86893138,NA,TADB_1145,TADB_1145,NA,1,1
chr15:92735070:G:A,chr15,92735070,NA,TADB_1146,TADB_1146,NA,1,1
chr15:92735070:G:A,chr15,92735070,NA,TADB_1146,TADB_1147,NA,1,1
chr16:11232928:G:A,chr16,11232928,NA,TADB_1155,TADB_1156,NA,1,1
chr16:11232928:G:A,chr16,11232928,NA,TADB_1156,TADB_1156,NA,1,1
chr16:57116066:C:T,chr16,57116066,ENSG00000140848,NA,TADB_1173,0.9972,NA,1
chr16:57116066:C:T,chr16,57116066,ENSG00000140848,NA,TADB_1172,0.9972,NA,1
chr16:9972164:A:G,chr16,9972164,NA,TADB_1155,TADB_1156,NA,1,1
chr16:9972164:A:G,chr16,9972164,NA,TADB_1155,TADB_1155,NA,1,1
chr17:18153853:A:T,chr17,18153853,NA,TADB_1187,TADB_1188,NA,0.7436,1
chr17:18153853:A:T,chr17,18153853,NA,TADB_1187,TADB_1187,NA,0.7436,1
chr17:18153853:A:T,chr17,18153853,NA,TADB_1188,TADB_1188,NA,0.6503,1
chr17:18153853:A:T,chr17,18153853,NA,TADB_1188,TADB_1187,NA,0.6503,1
chr17:36182087:T:G,chr17,36182087,NA,TADB_1191,TADB_1191,NA,1,1
chr17:36182087:T:G,chr17,36182087,NA,TADB_1191,TADB_1192,NA,1,1
chr17:36443746:C:T,chr17,36443746,NA,TADB_1192,TADB_1191,NA,1,1
chr17:3865385:A:G,chr17,3865385,NA,TADB_1183,TADB_1182,NA,0.8752,1
chr17:3865385:A:G,chr17,3865385,NA,TADB_1182,TADB_1182,NA,0.7431,1
chr17:46775246:A:C,chr17,46775246,NA,TADB_1196,TADB_1195,NA,1,1
chr17:46775246:A:C,chr17,46775246,NA,TADB_1196,TADB_1196,NA,1,1
chr17:50485811:C:T,chr17,50485811,ENSG00000136444,NA,TADB_1197,1,NA,1
chr17:50485811:C:T,chr17,50485811,ENSG00000136444,NA,TADB_1198,1,NA,1
chr17:63440644:T:C,chr17,63440644,ENSG00000008283,TADB_1205,TADB_1205,1,0.8484,1
chr17:63440644:T:C,chr17,63440644,ENSG00000008283,TADB_1205,TADB_1206,1,0.8484,1
chr17:63440644:T:C,chr17,63440644,ENSG00000008283,TADB_1205,TADB_1204,1,0.8484,1
chr17:64506317:A:G,chr17,64506317,ENSG00000108654,NA,TADB_1205,0.7519,NA,0.9882
chr17:64885337:C:A,chr17,64885337,NA,TADB_1206,TADB_1206,NA,0.9999,1
chr17:64885337:C:A,chr17,64885337,NA,TADB_1207,TADB_1206,NA,1,1
chr17:64966066:C:T,chr17,64966066,ENSG00000176809,NA,TADB_1206,1,NA,1
chr17:64966066:C:T,chr17,64966066,ENSG00000176809,NA,TADB_1207,1,NA,1
chr17:6853775:G:A,chr17,6853775,NA,TADB_1184,TADB_1183,NA,0.5827,1
chr17:6853775:G:A,chr17,6853775,NA,TADB_1184,TADB_1184,NA,0.5827,1
chr17:78238072:CT:C,chr17,78238072,ENSG00000204278,TADB_1214,NA,1,0.999,NA
chr17:78503999:C:CA,chr17,78503999,ENSG00000187775,TADB_1214,NA,0.9916,1,NA
chr17:80277897:C:T,chr17,80277897,ENSG00000173821,TADB_1214,NA,1,1,NA
chr17:80277897:C:T,chr17,80277897,ENSG00000173821,TADB_1215,NA,1,1,NA
chr18:67516682:G:C,chr18,67516682,ENSG00000171451,NA,TADB_1243,0.9578,NA,1
chr19:15641087:T:G,chr19,15641087,ENSG00000186529,TADB_1254,NA,0.7334,0.9358,NA
chr19:22110904:C:A,chr19,22110904,ENSG00000197134,TADB_1255,NA,0.5058,1,NA
chr19:3149992:G:C,chr19,3149992,ENSG00000060558,TADB_1250,NA,1,1,NA
chr19:35775053:A:G,chr19,35775053,NA,TADB_1260,TADB_1259,NA,1,1
chr19:35775053:A:G,chr19,35775053,NA,TADB_1259,TADB_1259,NA,0.9758,1
chr19:35797693:G:C,chr19,35797693,NA,TADB_1260,TADB_1259,NA,1,1
chr19:35797693:G:C,chr19,35797693,NA,TADB_1259,TADB_1259,NA,1,1
chr19:43984200:G:A,chr19,43984200,ENSG00000204920,TADB_1262,NA,1,1,NA
chr19:43984200:G:A,chr19,43984200,ENSG00000204920,TADB_1260,NA,1,1,NA
chr19:43984200:G:A,chr19,43984200,ENSG00000204920,TADB_1261,NA,1,1,NA
chr19:46435226:C:T,chr19,46435226,ENSG00000169515,TADB_1261,TADB_1261,1,0.9998,1
chr19:46435226:C:T,chr19,46435226,ENSG00000169515,TADB_1263,TADB_1261,1,1,1
chr19:46435226:C:T,chr19,46435226,ENSG00000169515,TADB_1262,TADB_1261,1,1,1
chr19:51612691:C:G,chr19,51612691,ENSG00000254415,TADB_1263,NA,1,1,NA
chr19:52690616:G:A,chr19,52690616,ENSG00000269825,NA,TADB_1263,1,NA,1
chr19:52690616:G:A,chr19,52690616,ENSG00000269825,NA,TADB_1264,1,NA,1
chr19:52690616:G:A,chr19,52690616,ENSG00000167766,NA,TADB_1263,1,NA,1
chr19:52690616:G:A,chr19,52690616,ENSG00000167766,NA,TADB_1264,1,NA,1
chr19:53037859:C:A,chr19,53037859,ENSG00000180257,NA,TADB_1264,0.9923,NA,0.9932
chr19:54962842:G:A,chr19,54962842,ENSG00000022556,NA,TADB_1264,1,NA,1
chr2:112467578:A:G,chr2,112467578,ENSG00000144152,NA,TADB_170,0.9423,NA,1
chr2:112467578:A:G,chr2,112467578,ENSG00000144152,NA,TADB_171,0.9423,NA,1
chr2:112467578:A:G,chr2,112467578,ENSG00000144161,NA,TADB_170,0.936,NA,1
chr2:112467578:A:G,chr2,112467578,ENSG00000144161,NA,TADB_171,0.936,NA,1
chr2:131682500:G:C,chr2,131682500,NA,TADB_176,TADB_177,NA,1,1
chr2:131682500:G:C,chr2,131682500,NA,TADB_176,TADB_178,NA,1,1
chr2:152762259:G:A,chr2,152762259,NA,TADB_189,TADB_190,NA,1,1
chr2:152762259:G:A,chr2,152762259,NA,TADB_189,TADB_189,NA,1,1
chr2:170492241:T:C,chr2,170492241,NA,TADB_199,TADB_199,NA,0.9903,1
chr2:170492241:T:C,chr2,170492241,NA,TADB_200,TADB_199,NA,0.7799,1
chr2:170492241:T:C,chr2,170492241,NA,TADB_198,TADB_199,NA,0.9214,1
chr2:174574054:A:G,chr2,174574054,ENSG00000115935,NA,TADB_202,0.826,NA,0.6249
chr2:189580558:C:G,chr2,189580558,ENSG00000138449,NA,TADB_209,0.5538,NA,0.6729
chr2:235192208:A:C,chr2,235192208,NA,TADB_233,TADB_233,NA,1,1
chr2:235192208:A:C,chr2,235192208,NA,TADB_233,TADB_234,NA,1,1
chr2:235192208:A:C,chr2,235192208,NA,TADB_233,TADB_232,NA,1,1
chr2:235192208:A:C,chr2,235192208,NA,TADB_234,TADB_233,NA,1,1
chr2:235192208:A:C,chr2,235192208,NA,TADB_234,TADB_234,NA,1,1
chr2:235192208:A:C,chr2,235192208,NA,TADB_234,TADB_232,NA,1,1
chr2:235192208:A:C,chr2,235192208,NA,TADB_232,TADB_233,NA,1,1
chr2:235192208:A:C,chr2,235192208,NA,TADB_232,TADB_234,NA,1,1
chr2:235192208:A:C,chr2,235192208,NA,TADB_232,TADB_232,NA,1,1
chr2:26841481:A:G,chr2,26841481,NA,TADB_131,TADB_132,NA,0.9733,1
chr2:38115424:G:A,chr2,38115424,NA,TADB_138,TADB_136,NA,0.9743,1
chr2:38115424:G:A,chr2,38115424,NA,TADB_138,TADB_138,NA,0.9743,1
chr2:38115424:G:A,chr2,38115424,NA,TADB_138,TADB_137,NA,0.9743,1
chr2:38728873:G:T,chr2,38728873,NA,TADB_138,TADB_137,NA,0.9983,1
chr2:38728873:G:T,chr2,38728873,NA,TADB_138,TADB_138,NA,0.9983,1
chr2:6535650:T:C,chr2,6535650,NA,TADB_120,TADB_121,NA,1,1
chr2:6535650:T:C,chr2,6535650,NA,TADB_121,TADB_121,NA,1,1
chr20:2539461:A:G,chr20,2539461,NA,TADB_1267,TADB_1266,NA,0.9531,1
chr20:2539461:A:G,chr20,2539461,NA,TADB_1267,TADB_1267,NA,0.9531,1
chr20:2539461:A:G,chr20,2539461,NA,TADB_1266,TADB_1266,NA,1,1
chr20:2539461:A:G,chr20,2539461,NA,TADB_1266,TADB_1267,NA,1,1
chr20:5502760:A:T,chr20,5502760,NA,TADB_1267,TADB_1268,NA,0.8146,0.5103
chr20:5502760:A:T,chr20,5502760,NA,TADB_1267,TADB_1269,NA,0.8146,0.6213
chr20:5502760:A:T,chr20,5502760,NA,TADB_1268,TADB_1268,NA,0.7652,0.5103
chr20:5502760:A:T,chr20,5502760,NA,TADB_1268,TADB_1269,NA,0.7652,0.6213
chr20:5502760:A:T,chr20,5502760,NA,TADB_1269,TADB_1268,NA,0.9035,0.5103
chr20:5502760:A:T,chr20,5502760,NA,TADB_1269,TADB_1269,NA,0.9035,0.6213
chr20:62283702:C:T,chr20,62283702,NA,TADB_1296,TADB_1296,NA,0.9992,1
chr21:31554584:C:T,chr21,31554584,NA,TADB_1306,TADB_1306,NA,0.9619,1
chr21:31554584:C:T,chr21,31554584,NA,TADB_1306,TADB_1307,NA,0.9619,1
chr21:31554584:C:T,chr21,31554584,NA,TADB_1306,TADB_1305,NA,0.9619,1
chr21:41247822:T:C,chr21,41247822,ENSG00000182240,NA,TADB_1312,1,NA,1
chr21:41370109:C:A,chr21,41370109,NA,TADB_1312,TADB_1312,NA,1,1
chr21:46167748:A:G,chr21,46167748,ENSG00000160282,NA,TADB_1313,0.9991,NA,1
chr21:46167748:A:G,chr21,46167748,ENSG00000160284,NA,TADB_1313,0.9996,NA,1
chr22:17199107:G:A,chr22,17199107,ENSG00000093072,NA,TADB_1314,0.992,NA,0.9999
chr22:23970400:G:A,chr22,23970400,ENSG00000133433,NA,TADB_1317,0.9998,NA,0.9909
chr22:23970400:G:A,chr22,23970400,ENSG00000133433,NA,TADB_1318,0.9998,NA,0.9283
chr22:36239710:G:A,chr22,36239710,ENSG00000128335,NA,TADB_1322,1,NA,1
chr22:36239710:G:A,chr22,36239710,ENSG00000128335,NA,TADB_1323,1,NA,1
chr22:38962032:A:C,chr22,38962032,ENSG00000179750,TADB_1324,NA,0.9999,1,NA
chr22:38962032:A:C,chr22,38962032,ENSG00000128383,TADB_1324,NA,0.9998,1,NA
chr22:38962032:A:C,chr22,38962032,ENSG00000179750,TADB_1323,NA,0.9999,1,NA
chr22:38962032:A:C,chr22,38962032,ENSG00000128383,TADB_1323,NA,0.9998,1,NA
chr22:39076172:C:A,chr22,39076172,ENSG00000239713,TADB_1324,NA,0.7385,0.7434,NA
chr22:49052447:G:A,chr22,49052447,NA,TADB_1329,TADB_1329,NA,1,1
chr3:105882771:A:T,chr3,105882771,NA,TADB_286,TADB_287,NA,1,1
chr3:105882771:A:T,chr3,105882771,NA,TADB_286,TADB_285,NA,1,1
chr3:105882771:A:T,chr3,105882771,NA,TADB_286,TADB_286,NA,1,1
chr3:105882771:A:T,chr3,105882771,NA,TADB_287,TADB_287,NA,1,1
chr3:105882771:A:T,chr3,105882771,NA,TADB_287,TADB_285,NA,1,1
chr3:105882771:A:T,chr3,105882771,NA,TADB_287,TADB_286,NA,1,1
chr3:110529596:G:A,chr3,110529596,NA,TADB_288,TADB_289,NA,1,0.9993
chr3:14216607:T:C,chr3,14216607,NA,TADB_243,TADB_241,NA,0.7613,1
chr3:14216607:T:C,chr3,14216607,NA,TADB_243,TADB_242,NA,0.7613,1
chr3:14216607:T:C,chr3,14216607,NA,TADB_243,TADB_243,NA,0.7613,1
chr3:169812288:C:A,chr3,169812288,NA,TADB_323,TADB_325,NA,0.9998,1
chr3:169812288:C:A,chr3,169812288,NA,TADB_323,TADB_323,NA,0.9998,1
chr3:169812288:C:A,chr3,169812288,NA,TADB_323,TADB_324,NA,0.9998,1
chr3:169812288:C:A,chr3,169812288,NA,TADB_325,TADB_325,NA,1,1
chr3:169812288:C:A,chr3,169812288,NA,TADB_325,TADB_323,NA,1,1
chr3:169812288:C:A,chr3,169812288,NA,TADB_325,TADB_324,NA,1,1
chr3:184604162:A:T,chr3,184604162,NA,TADB_332,TADB_332,NA,1,1
chr3:184604162:A:T,chr3,184604162,NA,TADB_333,TADB_332,NA,0.9974,1
chr3:184604162:A:T,chr3,184604162,NA,TADB_331,TADB_332,NA,1,1
chr3:44721338:A:G,chr3,44721338,ENSG00000163808,TADB_258,TADB_258,0.9493,1,1
chr3:44721338:A:G,chr3,44721338,ENSG00000163808,TADB_257,TADB_258,0.9493,1,1
chr3:57948899:T:A,chr3,57948899,NA,TADB_263,TADB_263,NA,0.9285,0.9727
chr3:57948899:T:A,chr3,57948899,NA,TADB_262,TADB_263,NA,0.9711,0.9727
chr3:72833534:CAGATAGATAGATAGAT:C,chr3,72833534,NA,TADB_272,TADB_272,NA,0.6792,0.9348
chr3:72833534:CAGATAGATAGATAGAT:C,chr3,72833534,NA,TADB_273,TADB_272,NA,0.539,0.9348
chr4:103099265:T:C,chr4,103099265,ENSG00000164039,NA,TADB_384,0.9999,NA,1
chr4:103099265:T:C,chr4,103099265,ENSG00000164038,NA,TADB_384,0.7053,NA,1
chr4:116982905:C:A,chr4,116982905,NA,TADB_394,TADB_394,NA,0.9996,1
chr4:116982905:C:A,chr4,116982905,NA,TADB_394,TADB_393,NA,0.9996,1
chr4:138309666:C:A,chr4,138309666,NA,TADB_402,TADB_402,NA,1,1
chr4:138309666:C:A,chr4,138309666,NA,TADB_402,TADB_403,NA,1,1
chr4:138309666:C:A,chr4,138309666,NA,TADB_403,TADB_402,NA,1,1
chr4:138309666:C:A,chr4,138309666,NA,TADB_403,TADB_403,NA,1,1
chr4:138911055:A:C,chr4,138911055,NA,TADB_403,TADB_402,NA,1,1
chr4:138911055:A:C,chr4,138911055,NA,TADB_403,TADB_403,NA,1,1
chr4:138911055:A:C,chr4,138911055,NA,TADB_402,TADB_402,NA,1,1
chr4:138911055:A:C,chr4,138911055,NA,TADB_402,TADB_403,NA,1,1
chr4:164991074:T:C,chr4,164991074,NA,TADB_418,TADB_417,NA,0.9976,1
chr4:164991074:T:C,chr4,164991074,NA,TADB_418,TADB_418,NA,0.9976,1
chr4:184268125:G:T,chr4,184268125,NA,TADB_426,TADB_427,NA,1,1
chr4:184268125:G:T,chr4,184268125,NA,TADB_426,TADB_425,NA,1,1
chr4:184268125:G:T,chr4,184268125,NA,TADB_426,TADB_426,NA,1,1
chr4:184268125:G:T,chr4,184268125,NA,TADB_427,TADB_427,NA,1,1
chr4:184268125:G:T,chr4,184268125,NA,TADB_427,TADB_425,NA,1,1
chr4:184268125:G:T,chr4,184268125,NA,TADB_427,TADB_426,NA,1,1
chr4:25088740:G:A,chr4,25088740,NA,TADB_350,TADB_351,NA,0.7467,1
chr5:125196775:T:C,chr5,125196775,NA,TADB_491,TADB_491,NA,1,1
chr5:141326172:C:T,chr5,141326172,NA,TADB_499,TADB_500,NA,1,0.9689
chr5:141326172:C:T,chr5,141326172,NA,TADB_500,TADB_500,NA,0.9839,0.9689
chr5:141326172:C:T,chr5,141326172,NA,TADB_501,TADB_500,NA,0.6846,0.9689
chr5:180314374:C:A,chr5,180314374,NA,TADB_514,TADB_514,NA,1,1
chr5:31755211:A:T,chr5,31755211,NA,TADB_442,TADB_442,NA,0.9783,1
chr5:31755211:A:T,chr5,31755211,NA,TADB_442,TADB_443,NA,0.9783,1
chr5:31755211:A:T,chr5,31755211,NA,TADB_442,TADB_444,NA,0.9783,1
chr5:31755211:A:T,chr5,31755211,NA,TADB_443,TADB_442,NA,0.7195,1
chr5:31755211:A:T,chr5,31755211,NA,TADB_443,TADB_443,NA,0.7195,1
chr5:31755211:A:T,chr5,31755211,NA,TADB_443,TADB_444,NA,0.7195,1
chr5:31755211:A:T,chr5,31755211,NA,TADB_444,TADB_442,NA,0.7947,1
chr5:31755211:A:T,chr5,31755211,NA,TADB_444,TADB_443,NA,0.7947,1
chr5:31755211:A:T,chr5,31755211,NA,TADB_444,TADB_444,NA,0.7947,1
chr5:42834678:A:G,chr5,42834678,NA,TADB_450,TADB_451,NA,0.9899,1
chr5:42834678:A:G,chr5,42834678,NA,TADB_450,TADB_450,NA,0.9899,0.9996
chr5:57299092:G:T,chr5,57299092,NA,TADB_454,TADB_454,NA,1,1
chr5:57299092:G:T,chr5,57299092,NA,TADB_454,TADB_455,NA,1,1
chr5:57299092:G:T,chr5,57299092,NA,TADB_455,TADB_454,NA,1,1
chr5:57299092:G:T,chr5,57299092,NA,TADB_455,TADB_455,NA,1,1
chr5:75612324:CCCCGCCCTCCGCCCCG:*,chr5,75612324,NA,TADB_464,TADB_465,NA,1,1
chr5:75612324:CCCCGCCCTCCGCCCCG:*,chr5,75612324,NA,TADB_464,TADB_464,NA,1,1
chr5:75612324:CCCCGCCCTCCGCCCCG:*,chr5,75612324,NA,TADB_465,TADB_465,NA,1,1
chr5:75612324:CCCCGCCCTCCGCCCCG:*,chr5,75612324,NA,TADB_465,TADB_464,NA,1,1
chr5:95808973:G:A,chr5,95808973,ENSG00000173221,NA,TADB_478,0.9968,NA,1
chr6:118749059:T:C,chr6,118749059,NA,TADB_573,TADB_573,NA,0.9896,1
chr6:118749059:T:C,chr6,118749059,NA,TADB_573,TADB_574,NA,0.9896,1
chr6:161375768:C:T,chr6,161375768,NA,TADB_602,TADB_602,NA,0.5473,1
chr6:161375768:C:T,chr6,161375768,NA,TADB_603,TADB_602,NA,0.8144,1
chr6:164555139:C:T,chr6,164555139,NA,TADB_603,TADB_604,NA,1,1
chr6:164555139:C:T,chr6,164555139,NA,TADB_604,TADB_604,NA,0.8628,1
chr6:24583576:T:A,chr6,24583576,NA,TADB_529,TADB_528,NA,1,1
chr6:24583576:T:A,chr6,24583576,NA,TADB_529,TADB_529,NA,1,1
chr6:26319360:G:T,chr6,26319360,NA,TADB_530,TADB_529,NA,0.9204,1
chr6:36735318:A:C,chr6,36735318,NA,TADB_533,TADB_533,NA,1,1
chr6:83926336:G:A,chr6,83926336,ENSG00000065615,NA,TADB_555,1,NA,1
chr7:8390028:G:C,chr7,8390028,NA,TADB_608,TADB_608,NA,0.7887,1
chr7:8390028:G:C,chr7,8390028,NA,TADB_608,TADB_609,NA,0.7887,1
chr7:94392163:T:C,chr7,94392163,NA,TADB_651,TADB_651,NA,1,1
chr8:11423764:A:G,chr8,11423764,NA,TADB_689,TADB_688,NA,1,1
chr8:11423764:A:G,chr8,11423764,NA,TADB_689,TADB_689,NA,1,1
chr8:11423764:A:G,chr8,11423764,NA,TADB_688,TADB_688,NA,1,1
chr8:11423764:A:G,chr8,11423764,NA,TADB_688,TADB_689,NA,1,1
chr8:142670280:T:C,chr8,142670280,NA,TADB_761,TADB_762,NA,1,1
chr8:142670280:T:C,chr8,142670280,NA,TADB_761,TADB_761,NA,1,1
chr8:142670280:T:C,chr8,142670280,NA,TADB_762,TADB_762,NA,1,1
chr8:142670280:T:C,chr8,142670280,NA,TADB_762,TADB_761,NA,1,1
chr8:17755009:A:G,chr8,17755009,NA,TADB_693,TADB_691,NA,0.9976,1
chr8:17755009:A:G,chr8,17755009,NA,TADB_691,TADB_691,NA,1,1
chr8:2024216:C:T,chr8,2024216,NA,TADB_685,TADB_685,NA,1,1
chr8:2024216:C:T,chr8,2024216,NA,TADB_686,TADB_685,NA,1,1
chr8:27245507:A:G,chr8,27245507,ENSG00000015592,TADB_697,NA,0.8512,0.9904,NA
chr8:48735351:C:A,chr8,48735351,ENSG00000034239,NA,TADB_707,1,NA,1
chr8:73368917:T:C,chr8,73368917,NA,TADB_722,TADB_722,NA,1,1
chr9:101468524:T:C,chr9,101468524,NA,TADB_791,TADB_792,NA,0.7574,0.8604
chr9:7542967:A:G,chr9,7542967,NA,TADB_764,TADB_765,NA,1,1
chr9:7542967:A:G,chr9,7542967,NA,TADB_764,TADB_766,NA,1,1
chr9:7542967:A:G,chr9,7542967,NA,TADB_764,TADB_764,NA,1,1
chr9:7542967:A:G,chr9,7542967,NA,TADB_765,TADB_765,NA,1,1
chr9:7542967:A:G,chr9,7542967,NA,TADB_765,TADB_766,NA,1,1
chr9:7542967:A:G,chr9,7542967,NA,TADB_765,TADB_764,NA,1,1
chr9:7542967:A:G,chr9,7542967,NA,TADB_766,TADB_765,NA,1,1
chr9:7542967:A:G,chr9,7542967,NA,TADB_766,TADB_766,NA,1,1
chr9:7542967:A:G,chr9,7542967,NA,TADB_766,TADB_764,NA,1,1
