#chr	strand	start	end	gene_id	gene_name	gene_type
chr1	+	35350722	35351607	ENSG00000229994	RPL5P4	processed_pseudogene
chr1	-	35366077	35358822	ENSG00000227409	ZMYM4-AS1	lncRNA
chr1	+	35399997	35400319	ENSG00000278702	Metazoa_SRP	misc_RNA
chr1	-	35557950	35433492	ENSG00000142687	KIAA0319L	protein_coding
chr1	+	35509742	35511438	ENSG00000236274	AC004865.1	processed_pseudogene
chr1	+	35557473	35567274	ENSG00000020129	NCDN	protein_coding
chr1	-	35577729	35569813	ENSG00000239636	TFAP2E-AS1	lncRNA
chr1	+	35573314	35595328	ENSG00000116819	TFAP2E	protein_coding
chr1	-	35641526	35599541	ENSG00000126067	PSMB2	protein_coding
chr1	-	35718894	35713877	ENSG00000142686	C1orf216	protein_coding
chr1	-	35769978	35720218	ENSG00000092853	CLSPN	protein_coding
chr1	+	35739389	35743576	ENSG00000232335	AL354864.1	lncRNA
chr1	+	35808016	35857890	ENSG00000134698	AGO4	protein_coding
chr1	+	35869808	35930532	ENSG00000092847	AGO1	protein_coding
chr1	-	35873752	35873270	ENSG00000271164	CFAP97P1	processed_pseudogene
chr1	-	35910872	35908980	ENSG00000286899	AL139286.2	lncRNA
chr1	-	35930115	35929720	ENSG00000271914	AL139286.1	lncRNA
chr1	+	35930718	36072500	ENSG00000126070	AGO3	protein_coding
chr1	-	36013630	35992109	ENSG00000271554	AL138787.2	lncRNA
chr1	-	36084026	36080066	ENSG00000232862	AL138787.1	transcribed_processed_pseudogene
chr1	+	36084094	36088275	ENSG00000092850	TEKT2	protein_coding
chr1	+	36088892	36093932	ENSG00000116863	ADPRS	protein_coding
chr1	-	36125222	36095239	ENSG00000171812	COL8A2	protein_coding
chr1	-	36156053	36136570	ENSG00000054116	TRAPPC3	protein_coding
chr1	+	36155579	36180849	ENSG00000116871	MAP7D1	protein_coding
chr1	+	36191915	36192170	ENSG00000264592	RN7SL131P	misc_RNA
chr1	+	36224432	36305357	ENSG00000054118	THRAP3	protein_coding
chr1	-	36242156	36241898	ENSG00000231849	UBE2V2P4	processed_pseudogene
chr1	+	36306368	36329340	ENSG00000214193	SH3D21	protein_coding
chr1	-	36324154	36322031	ENSG00000142694	EVA1B	protein_coding
chr1	+	36329630	36335406	ENSG00000286379	AL591845.1	lncRNA
chr1	-	36385924	36339624	ENSG00000196182	STK40	protein_coding
chr1	-	36397908	36391238	ENSG00000181817	LSM10	protein_coding
chr1	-	36402859	36402721	ENSG00000222821	RNU4-27P	snRNA
chr1	-	36450451	36415827	ENSG00000116885	OSCP1	protein_coding
chr1	-	36418578	36418450	ENSG00000201448	SNORA63C	snoRNA
chr1	-	36464384	36455718	ENSG00000116898	MRPS15	protein_coding
chr2	+	35471405	35471486	ENSG00000265301	MIR548AD	miRNA
chr2	+	35471605	35471708	ENSG00000207255	RNU6-1117P	snRNA
chr2	+	35471716	35471841	ENSG00000229013	AC083939.1	processed_pseudogene
chr2	-	35725142	35724759	ENSG00000234587	MRPL50P1	processed_pseudogene
chr2	-	36299830	36299388	ENSG00000233752	RPL21P36	processed_pseudogene
chr2	-	36355114	36354749	ENSG00000260025	CRIM1-DT	lncRNA
chr3	+	35638945	35794496	ENSG00000172995	ARPP21	protein_coding
chr3	-	35651961	35650197	ENSG00000230830	ARPP21-AS1	lncRNA
chr3	+	35744476	35744559	ENSG00000207625	MIR128-2	miRNA
chr3	+	35871866	35872198	ENSG00000226489	AC104308.1	processed_pseudogene
chr3	-	36170448	36169767	ENSG00000236158	RFC3P1	processed_pseudogene
chr4	+	35487812	35489750	ENSG00000250416	SEC63P2	processed_pseudogene
chr4	+	35495898	35496003	ENSG00000206665	RNU6-573P	snRNA
chr4	-	36244514	35948221	ENSG00000047365	ARAP2	protein_coding
chr4	-	36065726	36065060	ENSG00000248466	AC098827.1	processed_pseudogene
chr4	+	36244116	36274220	ENSG00000247193	AC104078.1	lncRNA
chr4	+	36281616	36347511	ENSG00000197057	DTHD1	protein_coding
chr4	-	36392410	36311190	ENSG00000251438	AC104078.2	lncRNA
chr4	-	36426428	36426366	ENSG00000283207	MIR1255B1	miRNA
chr5	+	35429064	35429277	ENSG00000201368	U3	snoRNA
chr5	+	35617844	35814611	ENSG00000152582	SPEF2	protein_coding
chr5	-	35633024	35632963	ENSG00000238441	RNU7-130P	snRNA
chr5	-	35827018	35678484	ENSG00000248969	AC137810.1	lncRNA
chr5	+	35852695	35879603	ENSG00000168685	IL7R	protein_coding
chr5	-	35896020	35895689	ENSG00000279737	AC112204.3	TEC
chr5	-	35896290	35896188	ENSG00000248349	AC112204.1	unprocessed_pseudogene
chr5	-	35938779	35904288	ENSG00000152611	CAPSL	protein_coding
chr5	+	35938822	35939993	ENSG00000249748	AC112204.2	lncRNA
chr5	-	36001028	35951006	ENSG00000145626	UGT3A1	protein_coding
chr5	-	36071358	36035021	ENSG00000168671	UGT3A2	protein_coding
chr5	-	36072079	36071791	ENSG00000251591	AC016612.1	processed_pseudogene
chr5	-	36151887	36098407	ENSG00000164187	LMBRD2	protein_coding
chr5	-	36147988	36147892	ENSG00000207756	MIR580	miRNA
chr5	+	36151989	36196849	ENSG00000145604	SKP2	protein_coding
chr5	+	36155119	36155222	ENSG00000201223	RNU6-1305P	snRNA
chr5	-	36242279	36192589	ENSG00000152620	NADK2	protein_coding
chr5	+	36221055	36221902	ENSG00000245711	NADK2-AS1	lncRNA
chr5	-	36302114	36246913	ENSG00000164188	RANBP3L	protein_coding
chr5	-	36347157	36343672	ENSG00000287634	AC114277.1	lncRNA
chr6	+	35342558	35428191	ENSG00000112033	PPARD	protein_coding
chr6	+	35443044	35449847	ENSG00000227154	MKRN6P	unprocessed_pseudogene
chr6	+	35452338	35467102	ENSG00000112039	FANCE	protein_coding
chr6	+	35468401	35470785	ENSG00000198755	RPL10A	protein_coding
chr6	+	35470508	35470579	ENSG00000276712	MIR7111	miRNA
chr6	-	35497079	35473597	ENSG00000007866	TEAD3	protein_coding
chr6	-	35512896	35497874	ENSG00000112041	TULP1	protein_coding
chr6	+	35539838	35546573	ENSG00000228559	AL033519.4	lncRNA
chr6	+	35555873	35556264	ENSG00000219023	AL033519.3	processed_pseudogene
chr6	-	35728583	35573585	ENSG00000096060	FKBP5	protein_coding
chr6	+	35607628	35607934	ENSG00000218749	AL033519.2	processed_pseudogene
chr6	+	35650997	35652856	ENSG00000287458	AL033519.5	lncRNA
chr6	+	35651818	35651945	ENSG00000212579	AL033519.1	snoRNA
chr6	-	35664789	35664717	ENSG00000265527	MIR5690	miRNA
chr6	-	35736947	35733867	ENSG00000232909	AL157823.2	lncRNA
chr6	+	35737032	35749079	ENSG00000157343	ARMC12	protein_coding
chr6	+	35765908	35766927	ENSG00000220734	AL157823.1	processed_pseudogene
chr6	+	35776594	35779552	ENSG00000196748	CLPSL2	protein_coding
chr6	+	35781019	35793675	ENSG00000204140	CLPSL1	protein_coding
chr6	-	35797344	35794982	ENSG00000137392	CLPS	protein_coding
chr6	+	35797206	35845397	ENSG00000197753	LHFPL5	protein_coding
chr6	-	35921342	35832966	ENSG00000096063	SRPK1	protein_coding
chr6	-	36024868	35943516	ENSG00000112053	SLC26A8	protein_coding
chr6	-	35991374	35989515	ENSG00000271304	DPRXP2	transcribed_processed_pseudogene
chr6	+	36027677	36111236	ENSG00000112062	MAPK14	protein_coding
chr6	-	36092646	36091991	ENSG00000237719	Z95152.1	processed_pseudogene
chr6	+	36127809	36144524	ENSG00000156711	MAPK13	protein_coding
chr6	-	36197205	36146698	ENSG00000246982	Z84485.1	lncRNA
chr6	+	36196744	36232790	ENSG00000096070	BRPF3	protein_coding
chr6	+	36243203	36313955	ENSG00000180316	PNPLA1	protein_coding
chr6	-	36336888	36315761	ENSG00000189325	BNIP5	protein_coding
chr6	-	36387800	36354091	ENSG00000010030	ETV7	protein_coding
chr6	+	36386831	36393462	ENSG00000224666	ETV7-AS1	lncRNA
chr6	-	36442854	36390551	ENSG00000179165	PXT1	protein_coding
chr6	-	36451201	36450912	ENSG00000240733	RN7SL502P	misc_RNA
chr7	-	35379675	35372349	ENSG00000286526	AC007652.2	lncRNA
chr7	-	35510263	35496021	ENSG00000235464	AC007652.1	lncRNA
chr7	-	35622939	35614650	ENSG00000287032	AC018647.3	lncRNA
chr7	-	35697459	35632659	ENSG00000122557	HERPUD2	protein_coding
chr7	+	35695214	35699413	ENSG00000271122	AC018647.2	lncRNA
chr7	+	35715032	35734924	ENSG00000227544	AC018647.1	lncRNA
chr7	-	35800676	35751856	ENSG00000228878	SEPTIN7-DT	lncRNA
chr7	-	35768640	35768122	ENSG00000232736	AC007551.1	processed_pseudogene
chr7	+	35800932	35907105	ENSG00000122545	SEPTIN7	protein_coding
chr7	-	35847426	35847038	ENSG00000274328	AC007551.2	processed_pseudogene
chr7	-	35930264	35930158	ENSG00000200446	RNU6-1085P	snRNA
chr7	+	35933888	35934569	ENSG00000273580	AC087072.1	unprocessed_pseudogene
chr7	+	35946294	35972587	ENSG00000226102	SEPTIN7P3	unprocessed_pseudogene
chr7	-	35971567	35971147	ENSG00000270889	PPP1R14BP4	processed_pseudogene
chr7	-	36028174	35976596	ENSG00000287893	AC083864.5	lncRNA
chr7	+	36001317	36055431	ENSG00000232930	AC083864.2	lncRNA
chr7	+	36064715	36066679	ENSG00000285573	AC083864.4	lncRNA
chr7	+	36079084	36085736	ENSG00000205745	AC083864.1	lncRNA
chr7	+	36095255	36100660	ENSG00000261184	AC083864.3	lncRNA
chr7	-	36110872	36109024	ENSG00000228815	MARK2P13	processed_pseudogene
chr7	+	36146842	36148024	ENSG00000271117	AC078841.1	processed_pseudogene
chr7	+	36153254	36301538	ENSG00000122547	EEPD1	protein_coding
chr7	-	36228884	36228621	ENSG00000228770	AC007327.1	processed_pseudogene
chr7	-	36231107	36229280	ENSG00000229679	AC007327.2	lncRNA
chr7	+	36305631	36305904	ENSG00000234457	AC006960.1	processed_pseudogene
chr7	+	36319775	36320479	ENSG00000260070	AC006960.3	lncRNA
chr7	-	36390125	36324152	ENSG00000164542	KIAA0895	protein_coding
chr7	-	36337778	36337667	ENSG00000201432	Y_RNA	misc_RNA
chr7	+	36389821	36453791	ENSG00000011426	ANLN	protein_coding
chrX	+	35594173	35594273	ENSG00000252411	RNU6-1087P	snRNA
chrX	+	35626142	35627064	ENSG00000230227	SIAH1P1	processed_pseudogene
chrX	+	35710911	35711942	ENSG00000233663	AL161722.1	processed_pseudogene
chrX	+	35741600	35744582	ENSG00000271088	AL161722.2	processed_pseudogene
chrX	+	35761499	35762479	ENSG00000233880	NFYCP1	processed_pseudogene
chrX	+	35798342	35803735	ENSG00000189023	MAGEB16	protein_coding
chrX	+	35864858	35869631	ENSG00000271519	AL590065.1	processed_pseudogene
chrX	+	35919734	36385317	ENSG00000165164	CFAP47	protein_coding
chrX	-	36022045	36021939	ENSG00000206733	RNU6-641P	snRNA
chrX	+	36211096	36211635	ENSG00000229384	HMGB1P16	processed_pseudogene
chrX	-	36440292	36365626	ENSG00000226484	AL606516.1	lncRNA
chrX	-	36375183	36374793	ENSG00000233921	RPS15AP40	processed_pseudogene
chr8	-	35525763	35525176	ENSG00000232024	LSM12P1	processed_pseudogene
chr8	-	35707734	35672195	ENSG00000286693	AC105230.1	lncRNA
chr8	+	35862123	36191194	ENSG00000253452	AC124290.1	lncRNA
chr8	-	36095046	36004316	ENSG00000253524	AC124290.2	lncRNA
chr8	-	36121683	36121398	ENSG00000254309	AC124290.3	processed_pseudogene
chr8	-	36278886	36277763	ENSG00000253504	MTCYBP19	unprocessed_pseudogene
chr8	+	36278960	36279483	ENSG00000254384	MTND6P19	unprocessed_pseudogene
chr8	-	36279696	36279491	ENSG00000253685	MTND5P41	unprocessed_pseudogene
chr8	+	36308245	36308364	ENSG00000253610	AP006245.1	processed_pseudogene
chr8	-	36309690	36309584	ENSG00000206871	RNU6-533P	snRNA
chr8	-	36321404	36321039	ENSG00000254320	AP006245.2	processed_pseudogene
chr9	-	35362054	35360540	ENSG00000279083	AL160274.1	TEC
chr9	+	35406755	35483035	ENSG00000179766	ATP8B5P	transcribed_unprocessed_pseudogene
chr9	+	35449748	35450352	ENSG00000244213	ZFAND6P1	processed_pseudogene
chr9	+	35490111	35561898	ENSG00000198853	RUSC2	protein_coding
chr9	-	35491969	35491133	ENSG00000287287	AL133476.1	lncRNA
chr9	+	35507564	35507873	ENSG00000235619	RPL36AP33	processed_pseudogene
chr9	-	35563899	35561831	ENSG00000215187	FAM166B	protein_coding
chr9	+	35592786	35592951	ENSG00000227852	RPS29P17	processed_pseudogene
chr9	-	35605139	35603437	ENSG00000288586	AL357874.3	lncRNA
chr9	+	35605262	35610041	ENSG00000107140	TESK1	protein_coding
chr9	+	35608094	35608159	ENSG00000263892	MIR4667	miRNA
chr9	-	35646810	35609979	ENSG00000137101	CD72	protein_coding
chr9	+	35642514	35643517	ENSG00000231393	AL357874.2	lncRNA
chr9	+	35646270	35647099	ENSG00000227933	AL357874.1	lncRNA
chr9	-	35650950	35649295	ENSG00000137078	SIT1	protein_coding
chr9	-	35658018	35657751	ENSG00000269900	RMRP	lncRNA
chr9	-	35658017	35657754	ENSG00000277027	RMRP	ribozyme
chr9	+	35658290	35661511	ENSG00000159884	CCDC107	protein_coding
chr9	-	35675866	35658875	ENSG00000137135	ARHGEF39	protein_coding
chr9	+	35671776	35672044	ENSG00000243136	RN7SL22P	misc_RNA
chr9	+	35673918	35681159	ENSG00000107159	CA9	protein_coding
chr9	-	35690056	35681992	ENSG00000198467	TPM2	protein_coding
chr9	-	35732195	35696948	ENSG00000137076	TLN1	protein_coding
chr9	-	35710741	35710676	ENSG00000284195	MIR6852	miRNA
chr9	+	35732598	35736999	ENSG00000107175	CREB3	protein_coding
chr9	+	35732922	35732995	ENSG00000273945	MIR6853	miRNA
chr9	-	35749228	35736866	ENSG00000070610	GBA2	protein_coding
chr9	+	35749287	35758585	ENSG00000107185	RGP1	protein_coding
chr9	-	35756613	35752990	ENSG00000215183	MSMP	protein_coding
chr9	-	35757940	35756712	ENSG00000228843	AL133410.2	lncRNA
chr9	+	35772163	35790432	ENSG00000227388	AL133410.1	lncRNA
chr9	+	35791591	35809731	ENSG00000159899	NPR2	protein_coding
chr9	-	35812272	35808045	ENSG00000137098	SPAG8	protein_coding
chr9	-	35815354	35812960	ENSG00000137133	HINT2	protein_coding
chr9	-	35828732	35812960	ENSG00000285645	AL133410.3	protein_coding
chr9	+	35814451	35865518	ENSG00000137103	TMEM8B	protein_coding
chr9	-	35828747	35816391	ENSG00000204930	FAM221B	protein_coding
chr9	-	35859980	35859055	ENSG00000236083	OR13E1P	unitary_pseudogene
chr9	-	35870601	35869263	ENSG00000168828	OR13J1	protein_coding
chr9	-	35875194	35874810	ENSG00000233659	NDUFA5P4	processed_pseudogene
chr9	+	35906202	35907136	ENSG00000196196	HRCT1	protein_coding
chr9	+	35909490	35937153	ENSG00000235387	SPAAR	protein_coding
chr9	-	35925554	35922159	ENSG00000287986	AL135841.1	lncRNA
chr9	-	35943934	35943210	ENSG00000225639	PGAM1P2	processed_pseudogene
chr9	-	35958154	35957108	ENSG00000278889	OR2S2	protein_coding
chr9	+	35962195	36014623	ENSG00000228307	OR2S1P	transcribed_unprocessed_pseudogene
chr9	-	35972318	35971344	ENSG00000213866	YBX1P10	processed_pseudogene
chr9	-	35992285	35991336	ENSG00000179443	OR13C6P	unprocessed_pseudogene
chr9	-	36003867	36002909	ENSG00000243641	OR13C7	polymorphic_pseudogene
chr9	+	36021692	36022113	ENSG00000236110	OR2AM1P	unprocessed_pseudogene
chr9	+	36036913	36124455	ENSG00000122707	RECK	protein_coding
chr9	+	36072686	36072762	ENSG00000276730	AL138834.1	misc_RNA
chr9	+	36136536	36163913	ENSG00000122694	GLIPR2	protein_coding
chr9	+	36169388	36171334	ENSG00000185972	CCIN	protein_coding
chr9	+	36190856	36304781	ENSG00000122705	CLTA	protein_coding
chr9	-	36277042	36214441	ENSG00000159921	GNE	protein_coding
chr9	+	36267783	36267922	ENSG00000222760	RNU4-53P	snRNA
chr9	-	36304924	36303499	ENSG00000215283	HMGB3P24	processed_pseudogene
chr11	+	35374265	35374474	ENSG00000215380	AC090625.1	processed_pseudogene
chr11	+	35419057	35421002	ENSG00000255542	AC090625.2	lncRNA
chr11	-	35530300	35431823	ENSG00000149090	PAMR1	protein_coding
chr11	-	35585310	35579430	ENSG00000254669	AL135934.1	lncRNA
chr11	+	35618460	35620865	ENSG00000179431	FJX1	protein_coding
chr11	+	35656694	35661339	ENSG00000254686	AL138812.1	lncRNA
chr11	+	35662775	35818007	ENSG00000166326	TRIM44	protein_coding
chr11	+	35824192	35838523	ENSG00000285705	AC090692.2	lncRNA
chr11	-	35861498	35860249	ENSG00000186082	KRT18P14	processed_pseudogene
chr11	+	35894987	35897735	ENSG00000285740	AC090692.3	lncRNA
chr11	-	35918739	35915051	ENSG00000254919	AC090692.1	lncRNA
chr11	+	35943981	36232136	ENSG00000179241	LDLRAD3	protein_coding
chr11	-	35968676	35967010	ENSG00000254672	AL136146.1	processed_pseudogene
chr11	+	35972428	35989007	ENSG00000255256	AL136146.2	lncRNA
chr11	-	35997675	35997226	ENSG00000241228	RPL12P31	processed_pseudogene
chr11	+	36010098	36010204	ENSG00000263389	MIR3973	miRNA
chr11	+	36196248	36197901	ENSG00000280321	AC129502.1	TEC
chr11	-	36289449	36269284	ENSG00000110442	COMMD9	protein_coding
chr11	+	36296288	36465204	ENSG00000135362	PRR5L	protein_coding
chr11	-	36323440	36321158	ENSG00000254566	AC087277.1	lncRNA
chr11	+	36386521	36388250	ENSG00000255186	AC087277.2	lncRNA
chr11	-	36426122	36425447	ENSG00000255060	AC009656.1	lncRNA
chr10	-	35444569	35443411	ENSG00000287945	AL603824.1	lncRNA
chr10	-	35608153	35604485	ENSG00000273312	AL121749.1	lncRNA
chr10	+	35605341	35608935	ENSG00000177291	GJD4	protein_coding
chr10	-	35642296	35638247	ENSG00000177283	FZD8	protein_coding
chr10	+	35641097	35647826	ENSG00000287528	AL121749.2	lncRNA
chr10	-	35641252	35641172	ENSG00000284265	MIR4683	miRNA
chr10	+	35697300	35698037	ENSG00000226646	RPL7P37	processed_pseudogene
chr10	+	35778302	35800920	ENSG00000280719	PCAT5	lncRNA
chr10	-	35898963	35896874	ENSG00000227313	LINC02630	lncRNA
chr10	-	36089389	36089086	ENSG00000227475	AL355300.1	lncRNA
chr10	-	36434484	36432882	ENSG00000236626	MTND5P17	processed_pseudogene
chr10	-	36435174	36434710	ENSG00000228694	MTND4P18	processed_pseudogene
chr10	+	36438616	36442392	ENSG00000237002	AL590730.1	lncRNA
chr10	+	36438661	36438788	ENSG00000274458	AL590730.2	snoRNA
chr13	-	35476689	35473789	ENSG00000180660	MAB21L1	protein_coding
chr13	-	35496615	35494178	ENSG00000287650	AL390071.1	lncRNA
chr13	+	35697487	35699938	ENSG00000236036	LINC00445	lncRNA
chr13	-	36131382	35768652	ENSG00000133083	DCLK1	protein_coding
chr13	-	36214588	36168217	ENSG00000120669	SOHLH2	protein_coding
chr13	-	36297842	36168794	ENSG00000250709	CCDC169-SOHLH2	protein_coding
chr13	-	36297840	36222008	ENSG00000242715	CCDC169	protein_coding
chr13	+	36267168	36267274	ENSG00000207203	RNU6-71P	snRNA
chr13	-	36370180	36301638	ENSG00000133104	SPART	protein_coding
chr13	+	36346431	36369601	ENSG00000120664	SPART-AS1	lncRNA
chr13	+	36431520	36442870	ENSG00000133101	CCNA1	protein_coding
chr14	-	35363628	35362232	ENSG00000258860	AL133163.2	lncRNA
chr14	-	35389069	35388121	ENSG00000240023	AL133163.1	processed_pseudogene
chr14	-	35404749	35401513	ENSG00000100906	NFKBIA	protein_coding
chr14	+	35430260	35430631	ENSG00000259022	DNAJC8P1	processed_pseudogene
chr14	-	35447625	35447003	ENSG00000259017	AL133163.3	lncRNA
chr14	+	35468272	35469330	ENSG00000259105	RPS3AP4	processed_pseudogene
chr14	-	35513089	35511825	ENSG00000258783	KRT18P6	processed_pseudogene
chr14	+	35534164	35537054	ENSG00000168348	INSM2	protein_coding
chr14	-	35809304	35538352	ENSG00000174373	RALGAPA1	protein_coding
chr14	+	35756327	35756463	ENSG00000253059	AL137818.1	snoRNA
chr14	+	35765795	35767110	ENSG00000257957	QRSL1P3	processed_pseudogene
chr14	-	35826765	35819224	ENSG00000258938	AL162311.3	lncRNA
chr14	+	35819837	35820220	ENSG00000258300	NUTF2P2	processed_pseudogene
chr14	+	35826338	35932325	ENSG00000100916	BRMS1L	protein_coding
chr14	+	35873857	35875303	ENSG00000257272	AL162311.1	lncRNA
chr14	+	35881001	35881709	ENSG00000257307	AL162311.2	processed_pseudogene
chr14	+	35897936	36068261	ENSG00000258342	AL133304.3	lncRNA
chr14	-	35950044	35947556	ENSG00000257614	AL133304.1	lncRNA
chr14	-	36055313	36054197	ENSG00000257720	ILF2P2	processed_pseudogene
chr14	-	36067190	36061026	ENSG00000257826	AL133304.2	lncRNA
chr14	+	36070427	36165288	ENSG00000257585	LINC00609	lncRNA
chr14	-	36176468	36136108	ENSG00000259104	PTCSC3	lncRNA
chr14	+	36213200	36235608	ENSG00000258844	AL162511.1	lncRNA
chr14	-	36231774	36231555	ENSG00000252312	RN7SKP21	misc_RNA
chr14	-	36320637	36298564	ENSG00000151332	MBIP	protein_coding
chr14	+	36371165	36372383	ENSG00000188831	DPPA3P2	transcribed_unprocessed_pseudogene
chr14	+	36405214	36405274	ENSG00000238540	RNU7-93P	snRNA
chr15	-	35372364	35372256	ENSG00000265102	MIR3942	miRNA
chr15	+	35396221	35396444	ENSG00000259688	AC019288.1	processed_pseudogene
chr15	+	35400691	35401768	ENSG00000259411	HNRNPA1P45	processed_pseudogene
chr15	+	35546154	35860199	ENSG00000248079	DPH6-DT	lncRNA
chr15	+	35774801	35774950	ENSG00000259217	AC068867.1	unprocessed_pseudogene
chr15	+	35919892	36049537	ENSG00000259245	LINC02853	lncRNA
chr15	+	35926856	35926923	ENSG00000265098	MIR4510	miRNA
chr15	-	36252257	35939167	ENSG00000259639	AC021351.1	lncRNA
chr15	+	36341739	36344166	ENSG00000259395	AC087516.1	lncRNA
chr15	-	36471016	36438972	ENSG00000259737	AC087516.2	lncRNA
chr16	-	35336889	35335277	ENSG00000260846	FRG2HP	unprocessed_pseudogene
chr16	-	35344559	35344091	ENSG00000261486	RARRES2P9	processed_pseudogene
chr16	+	35347385	35348297	ENSG00000260427	AGGF1P9	processed_pseudogene
chr16	+	35352482	35353022	ENSG00000260480	C2orf69P4	processed_pseudogene
chr16	+	35363412	35390584	ENSG00000259841	LINC01566	lncRNA
chr16	-	35385086	35384144	ENSG00000260291	FRG2GP	unprocessed_pseudogene
chr16	-	35390003	35389203	ENSG00000261689	AGGF1P4	processed_pseudogene
chr16	-	35407349	35405747	ENSG00000260598	FRG2IP	unprocessed_pseudogene
chr16	-	35414747	35414279	ENSG00000260812	RARRES2P7	processed_pseudogene
chr16	+	35420291	35421209	ENSG00000260680	AGGF1P5	processed_pseudogene
chr16	+	35425364	35426483	ENSG00000261299	C2orf69P3	processed_pseudogene
chr16	-	35436341	35435303	ENSG00000278681	AC018558.4	unprocessed_pseudogene
chr16	-	35449411	35446898	ENSG00000214581	ZNF971P	transcribed_processed_pseudogene
chr16	+	35450898	35452987	ENSG00000287163	AC018558.6	lncRNA
chr16	-	35480481	35477414	ENSG00000261711	FRG2DP	transcribed_unprocessed_pseudogene
chr16	-	35486225	35485766	ENSG00000260153	RARRES2P10	processed_pseudogene
chr16	+	35489237	35490212	ENSG00000259836	AGGF1P6	processed_pseudogene
chr16	-	35492395	35491174	ENSG00000261350	AC018558.2	lncRNA
chr16	+	35492324	35493446	ENSG00000260341	C2orf69P2	processed_pseudogene
chr16	-	35496457	35493754	ENSG00000261445	AC018558.3	lncRNA
chr16	+	35499494	35522465	ENSG00000287448	AC018558.7	lncRNA
chr16	-	35506567	35504370	ENSG00000260857	AC018558.1	lncRNA
chr16	-	35507170	35506592	ENSG00000269622	TP53TG3HP	transcribed_processed_pseudogene
chr16	-	35529318	35528367	ENSG00000282946	AC018558.5	processed_pseudogene
chr16	-	35543645	35543279	ENSG00000259996	RARRES2P8	processed_pseudogene
chr16	+	35547917	35548829	ENSG00000260994	AGGF1P7	processed_pseudogene
chr16	+	35552909	35554001	ENSG00000261046	C2orf69P1	processed_pseudogene
chr16	+	35574834	35575494	ENSG00000260134	C1QL1P1	processed_pseudogene
chr16	-	35645180	35636687	ENSG00000260746	KIF18BP1	unprocessed_pseudogene
chr16	+	35640029	35640582	ENSG00000259791	AC092325.1	lncRNA
chr16	-	35722529	35722268	ENSG00000260522	AC106785.1	processed_pseudogene
chr16	+	35734393	35734504	ENSG00000251915	RNA5SP406	rRNA_pseudogene
chr16	+	35734639	35734748	ENSG00000222207	RNA5SP407	rRNA_pseudogene
chr16	+	35735372	35735471	ENSG00000251924	RNA5SP408	rRNA_pseudogene
chr16	+	35735625	35735733	ENSG00000252624	RNA5SP409	rRNA_pseudogene
chr16	+	35743268	35756515	ENSG00000261122	LINC02167	lncRNA
chr16	+	35745989	35746094	ENSG00000252094	RNA5SP410	rRNA_pseudogene
chr16	+	35746523	35746636	ENSG00000276599	RNA5SP411	rRNA_pseudogene
chr16	+	35746772	35746894	ENSG00000277004	RNA5SP412	rRNA_pseudogene
chr16	+	35747032	35747140	ENSG00000252182	RNA5SP413	rRNA_pseudogene
chr16	+	35748520	35748655	ENSG00000274228	RNA5SP414	rRNA_pseudogene
chr16	+	35750061	35750175	ENSG00000253055	RNA5SP415	rRNA_pseudogene
chr16	+	35751574	35751684	ENSG00000252647	RNA5SP416	rRNA_pseudogene
chr16	+	35751828	35751935	ENSG00000252268	RNA5SP417	rRNA_pseudogene
chr16	+	35752826	35752942	ENSG00000251760	RNA5SP418	rRNA_pseudogene
chr16	+	35753796	35753930	ENSG00000251717	RNA5SP419	rRNA_pseudogene
chr16	+	35754046	35754182	ENSG00000252806	RNA5SP420	rRNA_pseudogene
chr16	+	35754555	35754688	ENSG00000252673	RNA5SP421	rRNA_pseudogene
chr16	+	35754923	35755033	ENSG00000252587	RNA5SP422	rRNA_pseudogene
chr16	+	35755177	35755285	ENSG00000252936	RNA5SP423	rRNA_pseudogene
chr16	-	35786887	35785569	ENSG00000260611	AC106785.2	lncRNA
chr16	-	35803280	35802869	ENSG00000261620	HMGN2P41	processed_pseudogene
chr16	+	35836886	35837732	ENSG00000261515	VN1R70P	processed_pseudogene
chr16	-	35879498	35879036	ENSG00000261782	AC116553.1	processed_pseudogene
chr16	+	35903117	35904916	ENSG00000279666	AC116553.2	TEC
chr16	+	35912120	35912516	ENSG00000261084	PPP1R1AP2	processed_pseudogene
chr17	+	35344231	35344564	ENSG00000267271	AC060766.2	processed_pseudogene
chr17	-	35373701	35350305	ENSG00000172716	SLFN11	protein_coding
chr17	-	35377678	35377416	ENSG00000267315	UFM1P2	processed_pseudogene
chr17	-	35403006	35400878	ENSG00000267711	AC060766.5	lncRNA
chr17	-	35404373	35403837	ENSG00000267547	AC060766.3	lncRNA
chr17	-	35409768	35406684	ENSG00000267745	AC060766.6	lncRNA
chr17	-	35407818	35406948	ENSG00000267648	AC060766.4	transcribed_processed_pseudogene
chr17	-	35410228	35409602	ENSG00000267102	AC060766.1	transcribed_processed_pseudogene
chr17	-	35433283	35410922	ENSG00000172123	SLFN12	protein_coding
chr17	-	35448837	35435096	ENSG00000154760	SLFN13	protein_coding
chr17	-	35460550	35459481	ENSG00000267312	AC015911.4	processed_pseudogene
chr17	-	35487857	35473689	ENSG00000205045	SLFN12L	protein_coding
chr17	-	35470628	35470069	ENSG00000267554	AC015911.7	processed_pseudogene
chr17	-	35537861	35474904	ENSG00000286065	SLFN12L	lncRNA
chr17	+	35477994	35478444	ENSG00000267349	AC015911.5	lncRNA
chr17	+	35490009	35491238	ENSG00000267046	E2F3P1	processed_pseudogene
chr17	+	35498218	35499175	ENSG00000267369	TAF5LP1	processed_pseudogene
chr17	-	35510270	35499690	ENSG00000267074	AC015911.3	lncRNA
chr17	-	35515186	35514766	ENSG00000255987	TOMM20P2	processed_pseudogene
chr17	-	35522969	35522279	ENSG00000286030	AC015911.9	transcribed_unprocessed_pseudogene
chr17	-	35540797	35540039	ENSG00000267035	AC015911.2	lncRNA
chr17	-	35560819	35543985	ENSG00000236320	SLFN14	protein_coding
chr17	+	35553205	35554767	ENSG00000267359	AC015911.6	lncRNA
chr17	-	35562077	35561539	ENSG00000267625	AC015911.8	lncRNA
chr17	+	35566517	35566672	ENSG00000242660	AC015911.1	processed_pseudogene
chr17	+	35568076	35574900	ENSG00000267321	SNHG30	lncRNA
chr17	+	35573657	35573753	ENSG00000207297	SNORD7	snoRNA
chr17	-	35578863	35574795	ENSG00000108733	PEX12	protein_coding
chr17	+	35578046	35726413	ENSG00000006125	AP2B1	protein_coding
chr17	-	35597128	35596904	ENSG00000267592	AC004134.1	processed_pseudogene
chr17	+	35809481	35864615	ENSG00000270647	TAF15	protein_coding
chr17	+	35731639	35743521	ENSG00000270885	RASL10B	protein_coding
chr17	-	35753239	35744511	ENSG00000270765	GAS2L2	protein_coding
chr17	-	35795707	35756249	ENSG00000271447	MMP28	protein_coding
chr17	-	35758325	35757199	ENSG00000271392	AC006237.1	lncRNA
chr17	+	35760887	35765079	ENSG00000270806	C17orf50	protein_coding
chr17	-	35808897	35808489	ENSG00000270829	AC015849.2	lncRNA
chr17	-	35830293	35816717	ENSG00000270871	AC015849.3	lncRNA
chr17	+	35818399	35823713	ENSG00000270894	AC015849.4	lncRNA
chr17	-	35868891	35854955	ENSG00000270379	HEATR9	protein_coding
chr17	-	35861566	35861093	ENSG00000271268	AC015849.6	processed_pseudogene
chr17	+	35868967	35885863	ENSG00000270240	AC015849.1	lncRNA
chr17	-	35880793	35871491	ENSG00000271503	CCL5	protein_coding
chr17	+	35889558	35889804	ENSG00000271394	7SK	misc_RNA
chr17	-	35911651	35893707	ENSG00000270977	AC015849.5	transcribed_processed_pseudogene
chr17	-	35918010	35912635	ENSG00000271013	LRRC37A9P	processed_pseudogene
chr17	-	35930773	35918066	ENSG00000278023	RDM1	protein_coding
chr17	-	35943713	35934518	ENSG00000275722	LYZL6	protein_coding
chr17	-	35965472	35963488	ENSG00000273736	AC244100.1	transcribed_unprocessed_pseudogene
chr17	-	35981497	35976493	ENSG00000275152	CCL16	protein_coding
chr17	-	35987004	35983288	ENSG00000276409	CCL14	protein_coding
chr17	-	36001621	35983656	ENSG00000275688	CCL15-CCL14	protein_coding
chr17	+	35983656	35990270	ENSG00000275431	AC244100.2	lncRNA
chr17	-	36001553	35996440	ENSG00000275718	CCL15	protein_coding
chr17	+	36001419	36011618	ENSG00000275944	AC244100.3	lncRNA
chr17	+	36012504	36012891	ENSG00000278690	AC244100.4	lncRNA
chr17	-	36017972	36013056	ENSG00000274736	CCL23	protein_coding
chr17	+	36064272	36072032	ENSG00000275385	CCL18	protein_coding
chr17	+	36072866	36090134	ENSG00000277089	AC243829.4	lncRNA
chr17	-	36090143	36088256	ENSG00000277632	CCL3	protein_coding
chr17	+	36103827	36105621	ENSG00000275302	CCL4	protein_coding
chr17	+	36110150	36110447	ENSG00000276014	RN7SL301P	misc_RNA
chr17	+	36116177	36177510	ENSG00000276241	AC243829.2	lncRNA
chr17	+	36161607	36162926	ENSG00000282738	AC243829.7	unprocessed_pseudogene
chr17	-	36176636	36165681	ENSG00000274808	TBC1D3B	protein_coding
chr17	+	36183235	36196471	ENSG00000274767	AC243829.1	lncRNA
chr17	-	36196758	36194869	ENSG00000276085	CCL3L3	protein_coding
chr17	+	36210924	36212878	ENSG00000276070	CCL4L2	protein_coding
chr17	-	36226807	36225246	ENSG00000278097	AC243829.5	lncRNA
chr17	-	36234554	36234447	ENSG00000276755	AC243829.3	unprocessed_pseudogene
chr17	+	36241701	36241806	ENSG00000278395	AC243829.6	unprocessed_pseudogene
chr17	-	36264553	36253456	ENSG00000274933	TBC1D3I	protein_coding
chr17	+	36274191	36320547	ENSG00000261499	AC233699.1	unprocessed_pseudogene
chr17	+	36285312	36285413	ENSG00000265889	Y_RNA	misc_RNA
chr17	+	36323884	36334759	ENSG00000260287	TBC1D3G	protein_coding
chr17	-	36388423	36377531	ENSG00000274226	TBC1D3H	protein_coding
chr17	-	36404932	36404826	ENSG00000277029	RNU6-1192P	snRNA
chr17	-	36439566	36428618	ENSG00000275954	TBC1D3F	protein_coding
chr17	-	36457535	36450146	ENSG00000274658	TBC1D3J	unprocessed_pseudogene
chr18	-	35345482	35332227	ENSG00000172466	ZNF24	protein_coding
chr18	-	35377337	35366694	ENSG00000186496	ZNF396	protein_coding
chr18	-	35384025	35383354	ENSG00000239683	AC007998.1	processed_pseudogene
chr18	-	35406528	35403996	ENSG00000275512	AC007998.4	lncRNA
chr18	-	35467088	35443869	ENSG00000267583	AC007998.3	lncRNA
chr18	-	35497940	35443871	ENSG00000267140	AC007998.2	protein_coding
chr18	-	35497960	35452230	ENSG00000153391	INO80C	protein_coding
chr18	-	35483667	35483431	ENSG00000279074	AC007998.5	TEC
chr18	+	35581117	35711834	ENSG00000141429	GALNT1	protein_coding
chr18	+	35591737	35591806	ENSG00000283514	MIR3975	miRNA
chr18	+	35595901	35597599	ENSG00000266965	AC090220.1	lncRNA
chr18	+	35716370	35717978	ENSG00000267397	AC090229.1	lncRNA
chr18	+	35841759	35842617	ENSG00000267797	NRBF2P1	processed_pseudogene
chr18	-	35904926	35904818	ENSG00000207797	MIR187	miRNA
chr18	-	35934142	35934088	ENSG00000265641	MIR3929	miRNA
chr18	-	35966118	35951803	ENSG00000267627	AC118757.1	lncRNA
chr18	+	35972151	35973916	ENSG00000278986	AC091060.1	TEC
chr18	+	35972625	35979286	ENSG00000141428	C18orf21	protein_coding
chr18	-	36067576	35984387	ENSG00000141425	RPRD1A	protein_coding
chr18	-	36129385	36108531	ENSG00000141424	SLC39A6	protein_coding
chr18	+	36129444	36180557	ENSG00000134759	ELP2	protein_coding
chr18	-	36187448	36179996	ENSG00000260552	COSMOC	lncRNA
chr18	+	36187497	36272157	ENSG00000075643	MOCOS	protein_coding
chr18	+	36189824	36190272	ENSG00000274849	AC023043.3	lncRNA
chr18	+	36273574	36274599	ENSG00000267404	AC023043.1	processed_pseudogene
chr18	-	36279119	36278735	ENSG00000267456	AC023043.2	processed_pseudogene
chr18	-	36424185	36417055	ENSG00000286890	AC055840.1	lncRNA
chr20	+	35433029	35435450	ENSG00000204183	GDF5-AS1	lncRNA
chr20	-	35454746	35433347	ENSG00000125965	GDF5	protein_coding
chr20	-	35454097	35453954	ENSG00000221763	MIR1289-1	miRNA
chr20	+	35455164	35519280	ENSG00000126001	CEP250	protein_coding
chr20	-	35490982	35476203	ENSG00000230155	CEP250-AS1	lncRNA
chr20	-	35528255	35520852	ENSG00000242507	FO393401.1	transcribed_unprocessed_pseudogene
chr20	-	35529652	35523186	ENSG00000125975	C20orf173	protein_coding
chr20	+	35542038	35557634	ENSG00000125991	ERGIC3	protein_coding
chr20	-	35544747	35544430	ENSG00000224497	RPL36P4	processed_pseudogene
chr20	-	35607562	35558866	ENSG00000088340	FER1L4	transcribed_unitary_pseudogene
chr20	+	35588324	35588607	ENSG00000227401	RPL37P1	processed_pseudogene
chr20	+	35615829	35621094	ENSG00000061656	SPAG4	protein_coding
chr20	-	35664956	35626031	ENSG00000214078	CPNE1	protein_coding
chr20	-	35674544	35632340	ENSG00000272897	AL109827.1	protein_coding
chr20	+	35643143	35643462	ENSG00000222460	RN7SKP271	misc_RNA
chr20	-	35647430	35647328	ENSG00000252549	RNU6-759P	snRNA
chr20	-	35664956	35648925	ENSG00000244462	RBM12	protein_coding
chr20	-	35699355	35668052	ENSG00000244005	NFS1	protein_coding
chr20	+	35699272	35700984	ENSG00000125995	ROMO1	protein_coding
chr20	-	35742312	35701347	ENSG00000131051	RBM39	protein_coding
chr20	+	35752814	35753719	ENSG00000225357	RPF2P1	processed_pseudogene
chr20	-	35769867	35769785	ENSG00000283527	U6	snRNA
chr20	+	35771974	35950370	ENSG00000025293	PHF20	protein_coding
chr20	-	35850915	35850674	ENSG00000234274	COX7BP2	processed_pseudogene
chr20	-	35853364	35853252	ENSG00000199676	Y_RNA	misc_RNA
chr20	+	35878476	35878733	ENSG00000219608	HIGD1AP16	processed_pseudogene
chr20	+	35887659	35887801	ENSG00000201221	RNU4-40P	snRNA
chr20	-	35928675	35928570	ENSG00000207053	RNU6-937P	snRNA
chr20	-	35959472	35953617	ENSG00000171222	SCAND1	protein_coding
chr20	+	35954564	36030700	ENSG00000149646	CNBD2	protein_coding
chr20	-	36051018	36045618	ENSG00000260032	NORAD	lncRNA
chr20	+	36051491	36085703	ENSG00000234139	AL035420.1	lncRNA
chr20	-	36064563	36064243	ENSG00000277235	AL035420.3	lncRNA
chr20	-	36076601	36076018	ENSG00000231470	HMGB3P2	processed_pseudogene
chr20	-	36088192	36086252	ENSG00000237063	AL035420.2	lncRNA
chr20	+	36091504	36232799	ENSG00000088367	EPB41L1	protein_coding
chr20	-	36155760	36147334	ENSG00000232406	AL121895.1	lncRNA
chr20	+	36233851	36234297	ENSG00000278035	AL121895.2	lncRNA
chr20	+	36236131	36270918	ENSG00000131043	AAR2	protein_coding
chr19	+	35330843	35331920	ENSG00000269553	U62631.1	lncRNA
chr19	+	35345513	35345627	ENSG00000284034	MIR5196	miRNA
chr19	+	35351552	35353862	ENSG00000126266	FFAR1	protein_coding
chr19	+	35358460	35360489	ENSG00000185897	FFAR3	protein_coding
chr19	+	35370929	35372962	ENSG00000126251	GPR42	protein_coding
chr19	+	35382172	35384052	ENSG00000268222	EEF1A1P7	processed_pseudogene
chr19	+	35399511	35419385	ENSG00000205786	LINC01531	lncRNA
chr19	+	35407770	35408493	ENSG00000283479	AC002511.3	transcribed_unprocessed_pseudogene
chr19	-	35415149	35414881	ENSG00000264400	RN7SL491P	misc_RNA
chr19	-	35424652	35424062	ENSG00000233214	AC002511.2	lncRNA
chr19	-	35434642	35432957	ENSG00000232680	AC002511.1	lncRNA
chr19	+	35443907	35451767	ENSG00000126262	FFAR2	protein_coding
chr19	-	35495558	35487324	ENSG00000188508	KRTDAP	protein_coding
chr19	-	35513658	35497220	ENSG00000161249	DMKN	protein_coding
chr19	-	35528351	35523367	ENSG00000189001	SBSN	protein_coding
chr19	+	35533455	35545319	ENSG00000105679	GAPDHS	protein_coding
chr19	-	35546029	35540738	ENSG00000236144	TMEM147-AS1	lncRNA
chr19	+	35545600	35547526	ENSG00000105677	TMEM147	protein_coding
chr19	-	35563658	35550031	ENSG00000105675	ATP4A	protein_coding
chr19	+	35557956	35581954	ENSG00000283907	AD000090.1	lncRNA
chr19	+	35586161	35587296	ENSG00000283758	PMIS2	protein_coding
chr19	+	35596581	35601596	ENSG00000224910	LINC01766	lncRNA
chr19	-	35612666	35608285	ENSG00000267626	AC002115.1	lncRNA
chr19	+	35612735	35625355	ENSG00000249115	HAUS5	protein_coding
chr19	+	35629030	35637686	ENSG00000126254	RBM42	protein_coding
chr19	+	35641745	35644871	ENSG00000105672	ETV2	protein_coding
chr19	+	35648323	35658782	ENSG00000126267	COX6B1	protein_coding
chr19	+	35666516	35678483	ENSG00000105668	UPK1A	protein_coding
chr19	-	35673291	35667948	ENSG00000226510	UPK1A-AS1	lncRNA
chr19	-	35684201	35683778	ENSG00000267190	TYMSP2	processed_pseudogene
chr19	+	35704558	35717038	ENSG00000011590	ZBTB32	protein_coding
chr19	+	35717973	35738878	ENSG00000272333	KMT2B	protein_coding
chr19	-	35742453	35738801	ENSG00000126246	IGFLR1	protein_coding
chr19	-	35745432	35739252	ENSG00000267120	AD000671.2	protein_coding
chr19	-	35745445	35742464	ENSG00000161265	U2AF1L4	protein_coding
chr19	+	35745600	35747519	ENSG00000205155	PSENEN	protein_coding
chr19	+	35745678	35754519	ENSG00000188223	AD000671.1	protein_coding
chr19	-	35753415	35747057	ENSG00000267439	AD000671.3	lncRNA
chr19	+	35748567	35754519	ENSG00000267796	LIN37	protein_coding
chr19	+	35754566	35755490	ENSG00000267328	AC002398.2	lncRNA
chr19	-	35758079	35754566	ENSG00000004776	HSPB6	protein_coding
chr19	+	35758143	35769864	ENSG00000167595	PROSER3	protein_coding
chr19	-	35771028	35769144	ENSG00000267049	AC002398.1	lncRNA
chr19	+	35774532	35788822	ENSG00000004777	ARHGAP33	protein_coding
chr19	-	35797902	35785697	ENSG00000225872	LINC01529	transcribed_unitary_pseudogene
chr19	-	35813299	35799988	ENSG00000250799	PRODH2	protein_coding
chr19	-	35869287	35825372	ENSG00000161270	NPHS1	protein_coding
chr19	+	35855861	35867136	ENSG00000126259	KIRREL2	protein_coding
chr19	+	35867899	35879792	ENSG00000105290	APLP1	protein_coding
chr19	+	35881890	35882153	ENSG00000243968	RN7SL402P	misc_RNA
chr19	-	35902303	35887653	ENSG00000167604	NFKBID	protein_coding
chr19	-	35903855	35901561	ENSG00000280194	AD000864.1	TEC
chr19	+	35902529	35904377	ENSG00000126264	HCST	protein_coding
chr19	-	35908295	35904401	ENSG00000011600	TYROBP	protein_coding
chr19	+	35935358	35946624	ENSG00000126243	LRFN3	protein_coding
chr19	+	35947115	35959192	ENSG00000267786	AF038458.3	lncRNA
chr19	-	35957382	35957121	ENSG00000267113	AF038458.1	processed_pseudogene
chr19	+	35960512	35964063	ENSG00000267388	AF038458.2	lncRNA
chr19	+	35995188	35996312	ENSG00000205138	SDHAF1	protein_coding
chr19	-	36008813	36003307	ENSG00000181392	SYNE4	protein_coding
chr19	-	36014239	36009120	ENSG00000239382	ALKBH6	protein_coding
chr19	+	36014508	36045972	ENSG00000267698	AC002116.2	lncRNA
chr19	-	36033343	36014660	ENSG00000105270	CLIP3	protein_coding
chr19	-	36054739	36034984	ENSG00000161277	THAP8	protein_coding
chr19	+	36054881	36105108	ENSG00000075702	WDR62	protein_coding
chr19	+	36070239	36071070	ENSG00000280023	AD000813.1	TEC
chr19	+	36111151	36113711	ENSG00000105261	OVOL3	protein_coding
chr19	-	36115213	36113709	ENSG00000105258	POLR2I	protein_coding
chr19	+	36114289	36125947	ENSG00000105254	TBCB	protein_coding
chr19	+	36114362	36115146	ENSG00000279504	AD001527.2	TEC
chr19	+	36139953	36150353	ENSG00000126247	CAPNS1	protein_coding
chr19	-	36148348	36144081	ENSG00000270760	AD001527.1	lncRNA
chr19	-	36152447	36150922	ENSG00000161281	COX7A1	protein_coding
chr19	-	36173853	36173406	ENSG00000267005	AC002984.1	processed_pseudogene
chr19	-	36246257	36182276	ENSG00000196357	ZNF565	protein_coding
chr19	-	36203459	36203347	ENSG00000200179	Y_RNA	misc_RNA
chr19	+	36214602	36238771	ENSG00000167635	ZNF146	protein_coding
chr19	-	36331770	36259540	ENSG00000232677	LINC00665	lncRNA
chr19	+	36304564	36321274	ENSG00000267053	AC092296.2	lncRNA
chr19	-	36379201	36334453	ENSG00000142065	ZFP14	protein_coding
chr19	+	36378028	36378832	ENSG00000266973	AC092296.1	lncRNA
chr19	-	36380912	36379351	ENSG00000267363	AC092296.4	lncRNA
chr19	-	36418644	36383120	ENSG00000181007	ZFP82	protein_coding
chr19	+	36421536	36422534	ENSG00000267142	AC092296.3	processed_pseudogene
chr22	+	35335640	35335758	ENSG00000266320	MIR3909	miRNA
chr22	-	35336799	35336721	ENSG00000274280	MIR6069	miRNA
chr22	+	35372174	35372621	ENSG00000282602	Z82244.2	lncRNA
chr22	+	35376422	35377261	ENSG00000282041	Z82244.1	lncRNA
chr22	+	35380361	35394214	ENSG00000100292	HMOX1	protein_coding
chr22	+	35400134	35425431	ENSG00000100297	MCM5	protein_coding
chr22	-	35503586	35501861	ENSG00000233388	AL022334.1	processed_pseudogene
chr22	+	35526932	35527415	ENSG00000273044	AL022334.2	lncRNA
chr22	+	35540831	35553999	ENSG00000100302	RASD2	protein_coding
chr22	-	35637951	35606764	ENSG00000198125	MB	protein_coding
chr22	-	35635134	35626988	ENSG00000268818	AL049747.1	lncRNA
chr22	+	35648446	35668404	ENSG00000221963	APOL6	protein_coding
chr22	+	35685940	35689373	ENSG00000228587	AL049748.1	lncRNA
chr22	+	35703803	35704176	ENSG00000226336	MRPS16P3	processed_pseudogene
chr22	+	35717872	35729483	ENSG00000128313	APOL5	protein_coding
chr22	-	36028824	35738736	ENSG00000100320	RBFOX2	protein_coding
chr22	-	35898404	35897270	ENSG00000237406	NDUFA9P1	processed_pseudogene
chr22	+	35992321	36000469	ENSG00000279652	Z82217.1	lncRNA
chr22	+	36066533	36070110	ENSG00000279927	Z95114.4	lncRNA
chr22	+	36071000	36085573	ENSG00000279217	Z95114.1	lncRNA
chr22	+	36091148	36093352	ENSG00000279714	Z95114.2	lncRNA
chr22	-	36139350	36137430	ENSG00000279805	Z95114.3	TEC
chr22	-	36166177	36140330	ENSG00000128284	APOL3	protein_coding
chr22	+	36172422	36172779	ENSG00000233764	MTCO1P20	processed_pseudogene
chr22	+	36172934	36173948	ENSG00000231576	MTCO2P20	processed_pseudogene
chr22	+	36174261	36174822	ENSG00000237948	MTATP6P20	processed_pseudogene
chr22	+	36175167	36175854	ENSG00000225557	MTCO3P20	processed_pseudogene
chr22	+	36175857	36176526	ENSG00000237129	MTCYBP34	processed_pseudogene
chr22	+	36178554	36179385	ENSG00000229088	MTND1P10	processed_pseudogene
chr22	-	36204840	36189124	ENSG00000100336	APOL4	protein_coding
chr22	-	36239954	36226209	ENSG00000128335	APOL2	protein_coding
chr22	+	36253071	36267530	ENSG00000100342	APOL1	protein_coding
chr22	-	36387967	36281280	ENSG00000100345	MYH9	protein_coding
chr22	-	36286907	36286847	ENSG00000278420	MIR6819	miRNA
chr22	+	36335421	36343530	ENSG00000287269	Z82215.1	lncRNA
chr22	+	36388626	36396517	ENSG00000223695	FO393418.1	lncRNA
chr22	-	36421644	36421273	ENSG00000237668	RPS15AP38	processed_pseudogene
chr22	-	36440970	36440880	ENSG00000252225	Y_RNA	misc_RNA
chr22	-	36454944	36445395	ENSG00000228719	AL022313.2	lncRNA
chr21	-	35472432	35472095	ENSG00000223671	RPL34P3	processed_pseudogene
chr21	-	35600022	35599732	ENSG00000231300	EZH2P1	processed_pseudogene
chr21	-	35732942	35713139	ENSG00000230794	AF015720.1	lncRNA
chr21	+	35720715	35720808	ENSG00000211590	MIR802	miRNA
chr21	-	35725100	35724747	ENSG00000229761	RPS20P1	processed_pseudogene
chr21	+	35887195	35887807	ENSG00000234008	PPP1R2P2	processed_pseudogene
chr21	+	36005338	36007838	ENSG00000231106	LINC01436	lncRNA
chr21	-	36016546	36016079	ENSG00000214914	RPL23AP3	processed_pseudogene
chr21	-	36079389	36034541	ENSG00000185917	SETD4	protein_coding
chr21	+	36050214	36051377	ENSG00000189089	RIMKLBP1	processed_pseudogene
chr21	+	36060432	36064408	ENSG00000236677	SETD4-AS1	lncRNA
chr21	+	36066545	36066652	ENSG00000200213	RNU6-992P	snRNA
chr21	-	36126640	36069642	ENSG00000230212	AP000688.1	lncRNA
chr21	+	36069941	36073166	ENSG00000159228	CBR1	protein_coding
chr21	+	36082859	36090414	ENSG00000236119	AP000688.3	lncRNA
chr21	+	36104881	36109690	ENSG00000233393	AP000688.2	lncRNA
chr21	+	36130489	36131376	ENSG00000226054	MEMO1P1	processed_pseudogene
chr21	-	36175815	36131767	ENSG00000236830	CBR3-AS1	lncRNA
chr21	+	36132450	36133032	ENSG00000214889	RPS9P1	processed_pseudogene
chr21	+	36135079	36146562	ENSG00000159231	CBR3	protein_coding
chr21	+	36156782	36294274	ENSG00000142197	DOP1B	protein_coding
chr21	-	36170180	36168970	ENSG00000228149	RPL3P1	processed_pseudogene
chr21	-	36295702	36295173	ENSG00000214867	SRSF9P1	processed_pseudogene
chr21	-	36320670	36319792	ENSG00000273199	AP000692.2	lncRNA
chr21	+	36320197	36386148	ENSG00000159256	MORC3	protein_coding
chr21	+	36360630	36362040	ENSG00000228107	AP000692.1	lncRNA
chr21	+	36385392	36419015	ENSG00000159259	CHAF1B	protein_coding
chr21	-	36389112	36388878	ENSG00000224421	ATP5MFP1	processed_pseudogene
